contrato,estatus,mes,modalidad,origen_de_recursos,tipo_infraestructura,descripcion_obra,ubicacion,zona,presupuesto,ejercido_url,contratista,contratista_rfc
OPG-OD-EQP-AD-C13-103/12,En proceso de Firmas,Diciembre,ASIGNACION DIRECTA,MUNICIPAL,Unidad Deportiva,"OBRAS COMPLEMENTARIAS EN LA UNIDAD DEPORTIVA ""FRANCISCO JAVIER MINA"", TRABAJOS CONSISTENTES EN LA COLOCACION DE ASFALTO EN TROTAPISTA",PRESA EL LAUREL S/N ENTRE DIONISIO RODRIGUEZ Y MANUEL DE GOROSTIZA EN LA COL. JARDINES DE SAN FRANCISCO DE LA ZONA 6 TETLAN,Zona 6: Tetlán,144165.76,obraDetalle.php?id_obra=12EQPZ6103,"Atelier BCM, S.A. de C.V.",ABC081002CZ5
OPG-OD-EQP-AD-C11-101/12,En proceso de Firmas,Noviembre,ASIGNACION DIRECTA,MUNICIPAL,Obras Varias Rehabilitación,"OBRAS CONTEMPLADAS EN EL ¨PLAN DE INTERVENCIÓN DEL CENTRO HISTÓRICO¨, POLÍGONO I.  TRABAJOS CONSISTENTES EN REHABILITACIÓN DE BANQUETAS, PAVIMENTOS, ADOQUINES, MOBILIARIO Y EQUIPAMIENTO URBANO","COMPRENDIDO ENTRE LAS CALLES GONZALEZ ORTEGA - DONATO GUERRA, AV. JUAREZ, AV. 16 DE SEPTIEMBRE - ALCALDE Y SAN FELIPE, EN EL CENTRO HISTORICO DE LA CIUDAD, DE LA ZONA 1 CENTRO",Zona 1: Centro,2701995.88,obraDetalle.php?id_obra=12EQP101,Ing. Fernando Pérez Casillas,PECF530527N66
OPG-OD-EQP-AD-C11-102/12,En proceso de Firmas,Noviembre,ASIGNACION DIRECTA,MUNICIPAL,Obras Varias Rehabilitación,"OBRAS CONTEMPLADAS EN EL ¨PLAN DE INTERVENCIÓN DEL CENTRO HISTÓRICO¨, POLÍGONO II, TRABAJOS CONSISTENTES EN REHABILITACIÓN DE BANQUETAS, PAVIMENTOS, ADOQUINES, MOBILIARIO Y EQUIPAMIENTO URBANO","COMPRENDIDO ENTRE LAS CALLES BELÉN - DEGOLLADO , AV. JUAREZ, AV. 16 DE SEPTIEMBRE - ALCALDE Y SAN FELIPE, EN EL CENTRO HISTORICO DE LA CIUDAD, DE LA ZONA 1 CENTRO",Zona 1: Centro,2145000.0,obraDetalle.php?id_obra=12EQPZ1102,"Nirva Construcciones, S.A. de C.V.",NCO010809QJ3
OPG-CZM-EQP-LP-C07-088/12,En proceso de Firmas,Septiembre,LICITACION PUBLICA,,Parques,REHABILITACIÓN DEL PARQUE ALCALDE PRIMERA ETAPA,"JESÚS GARCÍA, ENTRE SANTA MÓNICA Y MARIANO BÁRCENAS DE LA ZONA 1 CENTRO.",Zona 1: Centro,26389099.6,obraDetalle.php?id_obra=12EQPZ1088,Bufete Arquitectonico S.A. de C.V.,BAR710430CT1
OPG-OD-CON-AD-C08-090/12,En proceso de Firmas,Septiembre,ASIGNACION DIRECTA,MUNICIPAL,Riesgos ( Contingencias ),"A) APUNTALAMIENTO (LIGERO) DE TRABES EN EVENTO ""DESPERTAR DE LA CONCIENCIA POR EL CUIDADO DE LA MADRE TIERRA"" DEL 6 AL 9 DE MARZO DE 2012; B) APUNTALAMIENTO (REFORZADO) DE TRABES EN LOS EVENTOS ""FASHION ROSE GUADALAJARA, 2012"" Y ""9ª FERIA DE LA PREVENCION","EN EL ESTACIONAMIENTO DE LA PLAZA LIBERACIÓN PRIMER CUADRO DEL CENTRO HISTÓRICO DE LA CIUDAD, DE LA ZONA 1 CENTRO; EN LA EXPLANADA DEL HOSPICIO CABAÑAS PRIMER CUADRO DEL CENTRO HISTÓRICO DE LA CIUDAD, DE LA ZONA 1 CENTRO; EN LA PRESIDENCIA MUNICIPAL DE GU",Zona 1: Centro,2620596.02,obraDetalle.php?id_obra=12CONZ190,Constructora TGV S.A. de C.V.,CTG070803966
OPG-HAB-EQP-AD-C08-091/12,En proceso de Firmas,Septiembre,ASIGNACION DIRECTA,TRIPARTITA,Habitat,"140391ME007 PARADEROS SEGURO DE TRANSPORTE PÚBLICO, TRABAJOS CONSISTENTES EN EL SUMINISTRO E INSTALACION DE 6 PARABUSES","VARIOS PUNTOS DE LA COLONIA BALCONES DE OBLATOS, EN LA ZONA 4 OBLATOS",Zona 4: Oblatos,325251.0,obraDetalle.php?id_obra=12EQPZ491,Activa Zone S.A. de C.V.,AZ0908202K7
OPG-HAB-EQP-CI-C08-092/12,En proceso de Firmas,Septiembre,"CONCURSO INVITACION                    



Invitaciones",TRIPARTITA,Habitat,140391ME004 CONSTRUCCIÓN DE CASA DE DÍA PARA ADULTOS MAYORES,"LUIS M. FREGOSO Y CERRADA LUIS M. FREGOSO, EN LA COL. TETLÁN DE LA ZONA 6 TETLÁN",Zona 6: Tetlán,1332052.04,obraDetalle.php?id_obra=12EQPZ6092,"Maprigue Construcciones, S.A. de C.V.",MCO081021JX5
OPG-HAB-EQP-CI-C08-093/12,En proceso de Firmas,Septiembre,"CONCURSO INVITACION                    



Invitaciones",TRIPARTITA,Habitat,"140391ME006 SALÓN DE USOS MÚLTIPLES EN EL CENTRO DE DESARROLLO SOCIAL ""HELIODORO HERNÁNDEZ LOZA""","MARÍA GUADALUPE MARTÍNEZ DE HERNÁNDEZ LOZA No. 3065 ENTRE HACIENDA SANTIAGO Y HACIENDA MAZATEPEC, EN LA COL. LOMAS DE OBLATOS DE LA ZONA 4 OBLATOS.",Zona 4: Oblatos,1274854.65,obraDetalle.php?id_obra=12EQPZ4093,Grupo Constructor Lumardi S.A. de C.V.,GCL1012097HA
OPG-OD-EQP-AD-C08-094/12,En proceso de Firmas,Septiembre,ASIGNACION DIRECTA,MUNICIPAL,Obras Varias Remodelacion,CONTROL DE CALIDAD DE OBRAS DE IMAGEN URBANA EN ZONA CENTRO,ZONA CENTRO DE LA CIUADAD,Zona 1: Centro,299657.05,obraDetalle.php?id_obra=12EQPZ1,Control de Calidad de Materiales S.A. de C.V.,CCM010316N69
OPG-OD-PAV-AD-C08-095/12,En proceso de Firmas,Septiembre,ASIGNACION DIRECTA,MUNICIPAL,Balizamiento,"OBRAS COMPLEMENTARIAS DE LAS OBRAS DE IMAGEN URBANA, PAVIMENTOS Y BALIZAMIENTO EN LA ZONA SUR","HERMENEGILDO BUSTOS ENTRE AV. DE LA ESCULTURA Y AV. DE LA PINTURA, EN LA COL. MIRAVALLE DE LA ZONA 7 CRUZ DEL SUR; FRAY ANGELICO ENTRE ARQ. MANUEL ITUARTE Y AV. DE LA  ARQUITECTURA, EN LA COL. MIRAVALLE DE LA ZONA 7 CRUZ DEL SUR;  AV. ARTES PLASTICAS ENTR",Zona 7: Cruz del Sur,1417014.53,obraDetalle.php?id_obra=12EQPZ795,Grupo Constructor Caame S.A. de C.V.,GCC000107UH3
OPG-R33-EQP-AD-C08-096/12,En proceso de Firmas,Septiembre,ASIGNACION DIRECTA,APORTACION FEDERAL RAMO 33,Obras Varias Rehabilitación,"TRABAJOS COMPLEMENTARIOS PARA EL MEJORAMIENTO DE VIVIENDAS Y REHABILITACION DE BANQUETAS EN LA COLONIA LOMAS DEL GALLO, TRABAJOS CONSISTENTES EN LA REHABILITACION DE BANQUETAS Y FACHADAS CON ENJARRES Y PINTURA","COMPRENDIDO EN EL POLIGONO AL NORTE POR JOSÉ MARÍA IGLESIAS, AL SUR Y SUROESTE POR ROBERTO WEEKS LÓPEZ, AL ESTE POR AV. MALECON Y AL OESTE POR FERNANDO SOLIS, EN LA COL. LOMAS DEL GALLO DE LA ZONA 6 TETLAN",Zona 6: Tetlán,191880.51,obraDetalle.php?id_obra=12EQPZ696,Desarrollos Vicsa S.A. de C.V.,DVI0903301U3
OPG-R33-EQP-AD-C08-097/12,En proceso de Firmas,Septiembre,ASIGNACION DIRECTA,APORTACION FEDERAL RAMO 33,Obras Varias Rehabilitación,OBRAS COMPLEMENTARIAS PARA EL MEJORAMIENTO DE VIVIENDAS Y REHABILITACIÓN DE BANQUETAS EN LA COLONIA LOMA LINDA,"AL NORTE POR JESUS REYES HEROLES Y DIEGO MONTENEGRO, AL SUR POR AV. LA MEZQUITERA, AL ESTE POR AGUADULCE Y AGUA SALADA, AL NORESTE POR AGUA BLANCA Y AL OESTE POR RAFAEL LOZADA Y MANUEL AVELEIRA, EN LA COL. LOMA LINDA DE LA ZONA 7 CRUZ DEL SUR",Zona 7: Cruz del Sur,450000.0,obraDetalle.php?id_obra=12EQPZ797,Desarrolladora Abra S.A. de C.V.,DAB010213LS8
OPG-R33-EQP-AD-C08-098/12,En proceso de Firmas,Septiembre,ASIGNACION DIRECTA,APORTACION FEDERAL RAMO 33,Obras Varias Construcción,CONSTRUCCION DE PASOS PEATONALES DE CONCRETO ESTAMPADO,"COMPRENDIDO DENTRO DEL PERÍMETRO DE LA CALLE 10, CALLE 9, CALLE 8 Y CALLE 7, EN LA COL. FERROCARRIL DE LA ZONA 7 CRUZ DEL SUR",Zona 7: Cruz del Sur,450000.0,obraDetalle.php?id_obra=12EQPZ798,Orgo Edificaciones S.A. de C.V:,OED1204167T8
OPG-OD-EQP-AD-C09-099/12,En proceso de Firmas,Septiembre,ASIGNACION DIRECTA,MUNICIPAL,Modulos de Policia,"OBRAS COMPLEMENTARIAS PARA LA ADECUACIÓN DE LA ACADEMIA MUNICIPAL DE POLICIA, TRABAJOS DE REFUERZO CON PILOTES EN EL STAND DE TIRO","RIO TIZAPÁN Y RIO ZAPOTLÁN, EN LA COL. ATLAS DE LA ZONA 5 OLIMPICA",Zona 5: Olímpica,6184470.69,obraDetalle.php?id_obra=12EQPZ599,Geminis Internacional Constructora S.A. de C.V.,GIC810323RA6
OPG-OD-CON-AD-C09-100/12,En proceso de Firmas,Septiembre,ASIGNACION DIRECTA,MUNICIPAL,Riesgos ( Contingencias ),A) APUNTALAMIENTO (REFORZADO) DE TRABES PARA EVENTO EN FECHA 23 AGOSTO AL  04 DE SEPTIMEBRE DE 2012; B) APUNTALAMIENTO (REFORZADO) DE TRABES PARA EVENTO EN FECHA 14 AL 17 DE SEPTIMEBRE DE 2012; C) APUNTALAMIENTO (REFORZADO) DE TRABES PARA EVENTO EN FECHA,"EN EL ESTACIONAMIENTO DE LA PLAZA LIBERACIÓN PRIMER CUADRO DEL CENTRO HISTÓRICO DE LA CIUDAD, DE LA ZONA 1 CENTRO.; EN LA EXPLANADA DEL HOSPICIO CABAÑAS PRIMER CUADRO DEL CENTRO HISTÓRICO DE LA CIUDAD, DE LA ZONA 1 CENTRO.",Zona 1: Centro,3632877.1,obraDetalle.php?id_obra=12CONZ1100,Constructora TGV S.A. de C.V.,CTG070803966
OPG-CZM-PAV-LP-C07-087/12,En proceso de Firmas,Agosto,LICITACION PUBLICA,CONSEJO METROPOLITANO,Banquetas Centro Historico,Accesibilidad preferencial de la zona centro,Zona 1 centro de la ciudad.,Zona 1: Centro,39877720.62,obraDetalle.php?id_obra=12PAVZ1087,Constructora y Desarrolladora Barba y Asociados S.A. de C.V.,CDB0506068Z4
OPG-CZM-EQP-LP-C07-089/12,En proceso de Firmas,Agosto,LICITACION PUBLICA,CONSEJO METROPOLITANO,Parques,Rehabilitación del parque Rubén Darío primera etapa,"Rubén Darío S/N en el polígono formado por las calles Rubén Darío, Ostia, Ontario y Nápoles de la colonia Lomas de Providencia de la Zona 2 Minerva",Zona 2: Minerva,5808538.12,obraDetalle.php?id_obra=12EQPZ2089/12,"Construcciones Mirot, S.A. de C.V.",CMI110222AA0
OPG-OD-EQP-AD-C06-085/12,En proceso de Firmas,Julio,ASIGNACION DIRECTA,Proyecto URB - AL III INTEGRATION,Obras Varias Construcción,"SEGUNDA FASE DE CONSTRUCCION DE LA CASA DE ENLASE-INTEGRATION, TRABAJOS CONSISTENTES EN CONSTRUCCION DE AULAS, 2 MODULOS DE BAÑO, PISOS Y MOTIVO DE INGRESO","COMPRENDIDO DENTRO DEL PERIMETRO DE LA CALLE 10, CALLE 9, CALLE8 Y CALLE 7, EN LA COL. FERROCARRIL DE LA ZONA 7 CRUZ DEL SUR",Zona 7: Cruz del Sur,1700000.0,obraDetalle.php?id_obra=12EQPZ7085,Divicon S.A. de C.V.,DIV010905510
OPG-OD-EQP-AD-C06-086/12,En proceso de Firmas,Julio,ASIGNACION DIRECTA,Proyecto URB - AL III INTEGRATION,Obras Varias Construcción,"REMOZAMIENTO DE LA PLAZA CIVICA ENLASE-INTEGRATION EN LA COL. FERROCARRIL, TRABAJOS CONSISTENTES EN EQUIPAMIENTO URBANO, PISOS DE CONCRETO, JARDINERIAS, MOTIVO DE INGRESO Y PINTURA","COMPRENDIDO DENTRO DEL PERIMETRO DE LA CALLE 10, CALLE 9, CALLE 8 Y CALLE 7, EN LA COL. FERROCARRIL DE LA ZONA 7 CRUZ DEL SUR",Zona 7: Cruz del Sur,1700000.0,obraDetalle.php?id_obra=12EQPZ7086,Orgo Edificaciones S.A. de C.V:,OED1204167T8
OPG-SUBSEMUN-EQP-CI-C05-078/12,En proceso de Firmas,Junio,"CONCURSO INVITACION                    



Invitaciones",FEDERAL,Seguridad Publica,"ADECUACIÓN DE LA COMANDANCIA DE POLICIA, BASE ZONA 7 (CRUZ DEL SUR)","AV. CRUZ DEL SUR ESQ. ISLAS ALEUTIANAS, EN LA ZONA 7 CRUZ DEL SUR",Zona 7: Cruz del Sur,5963413.74,obraDetalle.php?id_obra=12EQPZ07078,Arquitectura y Espacios Beda S.A. de C.V.,AEB000705CS2
OPG-SUBSEMUN-EQP-CI-C05-079/12,En proceso de Firmas,Junio,"CONCURSO INVITACION                    



Invitaciones",FEDERAL,Seguridad Publica,"ADECUACIÓN DE LA COMANDANCIA DE POLICIA, BASE 8 (POLANQUITO)","8 DE JULIO Y AV. JESUS REYES HEROLES, EN LA COL. POLANQUITO DE LA ZONA 7 CRUZ DEL SUR",Zona 7: Cruz del Sur,5995714.48,obraDetalle.php?id_obra=12EQPZ07079,Construcciones Citus S.A. de C.V.,CCI020411HS5
OPG-SUBSEMUN-EQP-CI-C05-080/12,En proceso de Firmas,Junio,"CONCURSO INVITACION                    



Invitaciones",FEDERAL,Seguridad Publica,EQUIPAMIENTO DEL STAND DE TIRO,"RÍO TIZAPÁN Y RÍO ZAPOTLÁN, EN LA COL. ATLAS DE LA ZONA 5 OLÍMPICA",Zona 5: Olímpica,6565649.95,obraDetalle.php?id_obra=12EQPZ05080,Urbanizaciones San Guillermo S.A. de C.V.,USG8511298B2
OPG-SUBSEMUN-EQP-LP-C05-081/12,En proceso de Firmas,Junio,LICITACION PUBLICA,FEDERAL,Seguridad Publica,"LO-814039999-N1-2012 ADECUACION DEL MODULO DE SEGURIDAD PUBLICA, BASE ZONA CENTRO (PARQUE AGUA AZUL) 2da. ETAPA","DR. ROBERTO MICHEL Y CALZ. GONZALEZ GALLO, EN LA COL. LA AURORA DE LA ZONA 1 CENTRO",Zona 6: Tetlán,6975021.78,obraDetalle.php?id_obra=12EQPZ1081,Construcciones Gómez Hernández S.A. de C.V.,CGH051213LT7
OPG-OD-EQP-AD-C05-082/12,En proceso de Firmas,Junio,ASIGNACION DIRECTA,MUNICIPAL,Centros de Desarrollo Comunitario,"TRABAJOS COMPLEMENTARIOS PARA LA CONSTRUCCION DE CENTRO DE DESARROLLO COMUNITARIO ''TETLAN'', TRABAJOS CONSISTENTES EN ESTUDIOS DE MECANICA DE SUELOS, CALCULO ESTRUCTURAL, ALBAÑILERIA E INSTALACIONES HIDROSANITARIAS Y ELECTRICAS","LUIS M. FREGOSOS ESQ. CERRADA CON LUIS M. FREGOSO, EN LA COL. TATLAN DE LA ZONA 6 TETLAN",Zona 6: Tetlán,236287.49,obraDetalle.php?id_obra=12EQPZ6082,"Constructora Fremont, S.A. de C.V.",CFR1005187H9
OPG-CZM-EQP-LP-C05-083/12,En proceso de Firmas,Junio,LICITACION PUBLICA,CONSEJO METROPOLITANO,Parques,REHABILITACION DEL PARQUE AGUA AZUL EN LA CONCHA ACUSTICA,"CALZ. GONZALEZ GALLO Y CALZ. INDEPENDENCIA, EN LA COL. LA AURORA DE LA ZONA 1 CENTRO.",Zona 7: Cruz del Sur,16525348.86,obraDetalle.php?id_obra=12EQPZ01083,"Proyectos Arquitectonicos Maple, S.A. de C.V.",PAM091028D54
OPG-CZM-EQP-LP-C05-084/12,En proceso de Firmas,Junio,LICITACION PUBLICA,CONSEJO METROPOLITANO,Unidad Deportiva,REHABILITACION DE LA UNIDAD DEPORTIVA 18 DE MARZO (EXPENAL).,"AV. JAVIER MINA ENTRE SEBASTIAN ALLENDE (C.58) Y DAMIAN CARMONA (C.62), EN LA COL. LAS HUERTAS DE LA ZONA 5 OLIMPICA.",Zona 5: Olímpica,6358768.02,obraDetalle.php?id_obra=12EQPZ5084/12,"Servicios Metropolitanos de Jalisco, S.A. de C.V.",SMJ090317FS9
OPG-FOPEDEM-EQP-AD-C04-064/12,En proceso de Firmas,Mayo,ASIGNACION DIRECTA,FEDERAL,Obras Varias,SUMINISTRO E INSTALACION DE PANELES SOLARES EN UNIDAD DEPORTIVA NO.12 ''INDEPENDENCIA'',"NEVADO DE TOLUCA NO. 100 ENTRE SIETE COLINAS Y SIERRA LEONA, EN LA COL. INDEPENDENCIA DE LA ZONA 1 CENTRO",Zona 1: Centro,1000000.0,obraDetalle.php?id_obra=12EQPZ1064,Capacitores y Electrosistemas Industriales S.A. de C.V.,CEI021216U57
OPG-FOPEDEM-EQP-CI-C04-065/12,En proceso de Firmas,Mayo,"CONCURSO INVITACION                    



Invitaciones",FEDERAL,Unidad Deportiva,"REHABILITACION DEL LAGO Y SU PERIMETRO DE LA UNIDAD No.37 ""CIUDAD TUCSON""","ALFONSO CRAVIOTO No.2280 ENTRE JESUS ROMERO FLORES Y FIDEL VELAZQUEZ, EN LA COL. JARDINES ALCALDE DE LA ZONA 3 HUENTITAN",Zona 3: Huentitán,1997537.88,obraDetalle.php?id_obra=12FOPEDEMZ065,"Traco Transformando la Construcción, S.A. de C.V.",TTC1001191J9
OPG-FOPEDEM-EQP-CI-C04-066/12,En proceso de Firmas,Mayo,"CONCURSO INVITACION                    



Invitaciones",FEDERAL,Unidad Deportiva,"REMODELACION DE LA UNIDAD DEPORTIVA No.47 ""ARACELI SOUZA DUEÑAS""","POZA RICA No.1297 ESQ. MARCO POLO, EN LA COL. 18 DE MARZO DE LA ZONA 7 CRUZ DEL SUR",Zona 7: Cruz del Sur,3995235.24,obraDetalle.php?id_obra=12FOPEDEMZ066,Copaso Construcciones S.A. de C.V.,CCO990427F5A
OPG-REP-EQP-CI-C04-067/12,En proceso de Firmas,Mayo,"CONCURSO INVITACION                    



Invitaciones",TRIPARTITA,Unidad Deportiva,"14039EMF001 RESCATE DE ESPACIOS PUBLICOS DE LA UNIDAD DEPORTIVA ""FRANCISCO JAVIER MINA"", TRABAJOS CONSISTENTES EN JUEGOS INFANTILES, CANCHA DE FUTBOL RAPIDO, CANCHA DE USOS MULTIPLES, GIMNASIO, LUMINARIAS, MOBILIARIO Y AREA VERDE.",PRESA DEL LAUREL S/N ENTRE DIONISIO RODRIGUEZ  Y MANUEL DE GOROSTIZA EN LA COL. JARDINES DE SAN FRANCISCO DE LA ZONA 6 TETLAN,Zona 6: Tetlán,3180795.54,obraDetalle.php?id_obra=12REPZ06067,"Atelier BCM, S.A. de C.V.",ABC081002CZ5
OPG-OD-EQP-AD-C04-068/12,En proceso de Firmas,Mayo,ASIGNACION DIRECTA,MUNICIPAL,Obras Varias Equipamiento,CONTROL DE CALIDAD DE OBRAS DE IMAGEN URBANA EN ZONA ORIENTE,ZONA ORIENTE DE LA CIUDAD,Zona 8: Varias Zonas,1282500.0,obraDetalle.php?id_obra=12EQP068,Control de Calidad de Materiales S.A. de C.V.,CCM010316N69
OPG-OD-EQP-CI-C04-069/12,En proceso de Firmas,Mayo,"CONCURSO INVITACION                    



Invitaciones",MUNICIPAL,Obras Varias,UNIDAD CENTRAL DE PROTECCION ANIMAL (UPA),"DR. R. MICHEL Y SALVADOR LÓPEZ CHAVÉZ, EN LA COL. QUINTA VELARDE DE LA ZONA 5 OLIMPICA",Zona 5: Olímpica,4049722.18,obraDetalle.php?id_obra=12,"Construcciones Calvec, S.A. de C.V.",CCA081015II2
OPG-OD-IHS-AD-C04-070/12,En proceso de Firmas,Mayo,ASIGNACION DIRECTA,MUNICIPAL,Alcantarillado y Pavimentación,SANEAMIENTO Y DESAZOLVE DEL CANAL FOVISSSTE ESTADIO,"AV. PATRIA ENTRE MONTE SAN ELIAS A CALZADA INDEPENDENCIA, EN LA COL. FOVISSSTE ESTADIO DE LA ZONA 3 HUENTITAN",Zona 3: Huentitán,521788.45,obraDetalle.php?id_obra=12IHSZ3070,Construargon S.A. de C.V.,CON060731AN5
OPG-OD-IHS-AD-C04-071/12,En proceso de Firmas,Mayo,ASIGNACION DIRECTA,MUNICIPAL,Alcantarillado y Pavimentación,AMPLIACION BOCA DE TORMENTA,PUERTO PROGRESO ENTRE PUERTO DE TODOS LOS SANTOS Y CANTERA EN LA COLONIA CIRCUNVALACION BELISARIO DOMINGUEZ DE LA ZONA 4 OBLATOS,Zona 4: Oblatos,275000.0,obraDetalle.php?id_obra=12IHS071,Ing. Veronica Bermudez Torres,BETV600515U89
OPG-OD-EQP-AD-C04-072/12,En proceso de Firmas,Mayo,ASIGNACION DIRECTA,MUNICIPAL,Obras Varias Rehabilitación,"OBRAS COMPLEMENTARIAS PARA EL MEJORAMIENTO DE VIVIENDAS SOBRE LA CALLE MALECON, TRABAJOS CONSISTENTES EN LA REHABILITACION DE FACHADAS CON PINTURA","MALECON ENTRE FERNANDO SOLIS Y PABLO VALDEZ, EN LAS COLONIAS LOMAS DEL GALLO Y CAMPESINA, DE LAS ZONAS 4 OBLATOS Y 6 TETLAN; MARIANO CORONADO ENTRE FERNANDO SOLIS Y MALECON, EN LA COL. CAMPESINA DE LA ZONA 4 OBLATOS",Zona 8: Varias Zonas,89500.0,obraDetalle.php?id_obra=12EQPZ4072,Arq. Marco Antonio Corona Hernández,COHM590130EB2
OPG-CZM-PAV-LP-C04-073/12,En proceso de Firmas,Mayo,LICITACION PUBLICA,CONSEJO METROPOLITANO,Pavimentos,IMAGEN URBANA Y PAVIMENTOS ZONA CENTRO (SECCION I),"MARIANO BARCENAS ENTRE HERRERA Y CAIRO Y JOAQUIN ANGULO, EN LA COL. VILLASEÑOR DE LA ZONA 1 CENTRO; HOSPITAL ENTRE AV. DE LAS AMERICAS Y MARIANO BARCENA, EN LAS COL. STA. TERESITA Y COL. LADRON DE GUEVARA DE LA ZONA 1 CENTRO; GRAL. EULOGIO PARRA ENTRE AV.",Zona 1: Centro,9922529.16,obraDetalle.php?id_obra=12PAVZ1073,"Konstrucciones Navarro Villegas, S.A. de C.V.",KNV0101299U9
OPG-CZM-PAV-LP-C04-074/12,En proceso de Firmas,Mayo,LICITACION PUBLICA,CONSEJO METROPOLITANO,Pavimentos,IMAGEN URBANA Y PAVIMENTOS ZONA CENTRO (SECCION II),AV. ALEMANIA ENTRE RAYÓN Y CALZ. DEL FEDERALISMO EN LA COL. MODERNA DE LA ZONA 1 CENTRO; FRANCIA ENTRE AV. CHAPULTEPEC Y CALZ. DEL FEDERALISMO EN LA COL. MODERNA DE LA ZONA 1 CENTRO; RAYÓN ENTRE LÁZARO PÉREZ Y AV. ALEMANIA EN LA COL. MODERNA DE LA ZONA 1,Zona 8: Varias Zonas,9778765.28,obraDetalle.php?id_obra=12PAVZ01074,"Guizavi Construcciones, S.A. de C.V.",GCO090306PGA
OPG-CZM-PAV-LP-C04-075/12,En proceso de Firmas,Mayo,LICITACION PUBLICA,CONSEJO METROPOLITANO,Pavimentos,IMAGEN URBANA Y PAVIMENTOS ZONA CENTRO (SECCION III),MANUEL ACUÑA ENTRE MIGUEL CABRERA Y AV. FEDERALISMO EN LAS COL. SANTA TERESITA Y COL. SAGRADA FAMILIA DE LA ZONA 1 CENTRO; NICOLÁS ROMERO ENTRE JOSÉ MARÍA VIGIL Y JUAN MANUEL EN LAS COL. VILLASEÑOR Y COL. SANTA TERESITA DE LA ZONA 1 CENTRO; GREGORIO DÁVIL,Zona 8: Varias Zonas,9807470.25,obraDetalle.php?id_obra=12PAVZ01075,Grupo Constructor Pavimaq S.A. de C.V.,GCP080129AMA
OPG-CZM-PAV-LP-C04-076/12,En proceso de Firmas,Mayo,LICITACION PUBLICA,CONSEJO METROPOLITANO,Pavimentos,IMAGEN URBANA Y PAVIMENTOS ZONA CENTRO (SECCION IV),"REFORMA ENTRE AV. DE LAS AMÉRICAS Y GABRIEL RAMOS MILLÁN EN LA COL. LADRON DE GUEVARA, EN LA ZONA 1 CENTRO ; CONTRERAS MEDELLÍN ENTRE SAN FELIPE Y  JESÚS GARCÍA, EN LA COL. CENTRO DE LA ZONA 1 CENTRO; JOAQUIN ANGULO ENTRE MARIANO BÁRCENAS Y AV. ALCALDE EN",Zona 8: Varias Zonas,9513659.69,obraDetalle.php?id_obra=12PAVZ01076,Grupo TYP de Jalisco S.A. de C.V.,GTJ010430461
OPG-CZM-EQP-LP-C04-077/12,En proceso de Firmas,Mayo,LICITACION PUBLICA,CONSEJO METROPOLITANO,Parques,"A) REHABILITACION DEL PARQUE GONZALEZ GALLO; B) REMOZAMIENTO DE PARQUES EN LA ZONA ORIENTE (REHABILITACIÓN DEL PARQUE GONZALEZ GALLO, SEGUNDA ETAPA) DEL FONDO DE APOYO PARA LA INFRAESTRUCTURA Y SEGURIDAD","DR. R. MICHEL Y SALVADOR LOPEZ CHAVEZ, EN LA COL. QUINTA VELARDE DE LA ZONA 5 OLIMPICA.",Zona 5: Olímpica,15000000.0,obraDetalle.php?id_obra=12EYPZ05077,Constructora Galafer S.A. de C.V.,CGA091202HS2
OPG-R33-ESC-CI-C02-034/12,En proceso de Firmas,Abril,"CONCURSO INVITACION                    



Invitaciones",APORTACION FEDERAL RAMO 33,Escuelas,"A) REHABILITACION DE LA ESCUELA PRIMARIA FEDERAL ""AMELIA COVARRUBIAS COVARRUBIAS"", TRABAJOS CONSISTENTES EN LA REHABILITACION DE PISO DE CONCRETO, REHABILITACION DE INSTALACIONES ELECTRICAS Y CONSTRUCCION DE RAMPAS; B) REHABILITACION DE LA ESCUELA PRIMARI","A) FERMINA RIVERA ENTRE ARNULFO GONZALEZ MEDINA Y EUCARIO LEON LOPEZ, EN LA COL. LOMAS DEL PARAISO 1° SECC. DE LA ZONA 3 HUENTITAN; B) MIGUEL EGUILUZ No. 2760 ENTRE CARLOS PACHECO Y JOSE MARIA MONTENEGRO, EN LA COL. RANCHO NUEVO DE LA ZONA 3 HUENTITAN; C)",Zona 8: Varias Zonas,3962979.7,obraDetalle.php?id_obra=12R33Z034,Construcciones y Proyectos SAG S.A. de C.V.,CPS101110QB0
OPG-R33-ESC-CI-C02-035/12,En proceso de Firmas,Abril,"CONCURSO INVITACION                    



Invitaciones",APORTACION FEDERAL RAMO 33,Escuelas,"A) REHABILITACION DE LA ESCUELA SECUNDARIA No.51 ""SIMON BOLIVAR"", TRABAJOS CONSISTENTES EN LA CONSTRUCCION DE TOLDO EN CANCHA; B) REHABILITACION DE LA ESCUELA PRIMARIA FEDERAL ""CUAUHTEMOC"", TRABAJOS CONSISTENTES EN LA CONSTRUCCION DE TOLDO EN CANCHA Y REH","A) HACIENDA TALA No.3255 ENTRE HACIENDA LA VENTA Y HACIENDA TETLAN , EN LA COL. OBLATOS DE LA ZONA 4 OBLATOS; B) JOSEMARIA IGLESIAS No.4117 ENTRE SUCRE Y PEDRO  RIVAS, EN LA COL. LOMAS DE GALLO DE LA ZONA 6 TETLAN; C) AVENIDA DE LA PRESA ENTRE RUBLO Y MAR",Zona 8: Varias Zonas,3997795.68,obraDetalle.php?id_obra=12R33Z035,"Infraestructura la Estancia, S.A. de C.V.",IES110803EI2
OPG-R33-ESC-CI-C02-037/12,En proceso de Firmas,Abril,"CONCURSO INVITACION                    



Invitaciones",APORTACION FEDERAL RAMO 33,Escuelas,"A) REHABILITACION DE LA ESCUELA SECUNDARIA ""LIBERTAD"", TRABAJOS CONSISTENTES EN LA IMPERMEABILIZACION DE AZOTEA Y SUBIR EL MURO PERIMETRAL; B) REHABILITACION DEL JARDIN DE NIÑOS ""ESTEBAN ALATORRE"", TRABAJOS CONSISTENTES EN LA CONSTRUCCION DE TOLDO PARA PA","A) DIONISIO RODRIGUEZ No.2931 ENTRE ANTONIO ENRIQUEZ Y CARLOS GONZALES PENA, EN LA COL. SANTAMARIA DE SILIO DE LA ZONA 6 TETLAN; B) ESTEBAN ALATORRE  No.3030 ENTRE TEHERAN Y CAIRO, EN LA COL. ESTEBAN ALATORRE DE LA ZONA 6 TETLAN; C) RAMON CASTELLANOS No.1",Zona 8: Varias Zonas,2598420.0,obraDetalle.php?id_obra=12R33Z037,Obras y Proyectos Jayco S.A. de C.V.,OPJ1008265B1
OPG-R33-ESC-CI-C02-038/12,En proceso de Firmas,Abril,"CONCURSO INVITACION                    



Invitaciones",APORTACION FEDERAL RAMO 33,Escuelas,"A) REHABILITACION DE LA ESCUELA PRIMARIA URBANA No.90 / ""MA. TERESA DE LA CUEVA"", TRABAJOS CONSISTENTES EN LA CONSTRUCCION DE TOLDO EN CANCHA, REHABILITACION DE RED ELECTRICA Y  REHABILITACION DE BAÑOS; B) REHABILITACION DE LA ESCUELA SECUNDARIA No.54 ""DO","A) DIAZ MIRON No.128 ENTRE GOMEZ FARIAS Y ALDAMA, EN LA COL. LA LOMA DE LA ZONA 4 OBLATOS; B) BARTOLOME DE LAS CASAS No.587 ENTRE FRANCISCO SILVA ROMERO Y JOSE LUIS VERDIA, EN LA COL. ANALCO DE LA ZONA 1 CENTRO; C) CEREZO No.1318 ENTRE PRIMAVERA Y CIPRES,",Zona 8: Varias Zonas,2666928.02,obraDetalle.php?id_obra=12R33Z038,"Building Option México, S.A. de C.V.",BOM0904279A9
OPG-R33-ESC-CI-C02-039/12,En proceso de Firmas,Abril,"CONCURSO INVITACION                    



Invitaciones",APORTACION FEDERAL RAMO 33,Escuelas,"A) REHABILITACION DEL JARDIN DE NIÑOS ""EVA GUERRA FLORES"", TRABAJOS CONSISTENTES EN LA IMPERMEABILIZACION DE AZOTEA Y CONSTRUCCION DE TOLDO; B) REHABILITACION DEL JARDIN DE NIÑOS ""NIÑO ARTILLERO"", TRABAJOS CONSISTENTES EN LA COLOCACION DE ANTEPECHO EN LAS","A) CUAUTLA No.261 ENTRE ANTONIO BRAVO Y CUITLAHUAC, EN LA COL. ANALCO DE LA ZONA 1 CENTRO; B) HONDURAS No.1804 ENTRE ECUADOR  Y COLOMBIA, EN LA COL. DEL SUR DE LA ZONA 7 CRUZ DEL SUR; C) CALLE 10 No.1929 ENTRE CALLE 7 Y CALLE 9, EN LA COL. FERROCARRIL DE",Zona 8: Varias Zonas,4032487.13,obraDetalle.php?id_obra=12R33Z039,"AR+IN, S.A. DE C.V.",ASI060522RW7
OPG-R33-ESC-CI-C02-040/12,En proceso de Firmas,Abril,"CONCURSO INVITACION                    



Invitaciones",APORTACION FEDERAL RAMO 33,Escuelas,"A) REHABILITACION DE LA ESCUELA PRIMARIA ""LUIS DONALDO COLOSIO MURRIETA"", TRABAJOS CONSISTENTES EN LA REHABILITACION DE RED ELECTRICA,  LINEA DE DRENAJE Y CONSTRUCCION DE  MODULO DE BAÑOS.B) REHABILITACION DE LA ESCUELA PRIMARIA FEDERAL  ""MELCHOR OCAMPO"",","A) RAMON ALCORTA No.2131 ENTRE ANSELMO CAMACHO Y GUILLERMO BACA, EN LA COL. LOMAS DE POLANCO DE LA ZONA 7 CRUZ DEL SUR; B) JESUS CAPISTRAN No.2658 ENTRE JERONIMO TREVIÑO Y PROL. COLON, EN LA COL. LOPEZ PORTILLO DE LA ZONA 7 CRUZ DEL SUR; C) JERONIMO TREVI",Zona 8: Varias Zonas,2748673.05,obraDetalle.php?id_obra=12R33Z040,Proyectos y Construcciones Regina S.A. de C.V.,PYC070827PP3
OPG-R33-ESC-CI-C02-041/12,En proceso de Firmas,Abril,"CONCURSO INVITACION                    



Invitaciones",APORTACION FEDERAL RAMO 33,Escuelas,"A) REHABILITACION DE LA ESCUELA SECUNDARIA ""EMILIANO ZAPATA SALAZAR"", TRABAJOS CONSISTENTES EN LA INSTALACION DE PISO  EN AULAS E INSTALACION DE ALUMBRADO EN ESCALERAS; B) REHABILITACION DE LA ESCUELA PRIMARIA ""JOSE GUADALUPE ZUNO"", TRABAJOS CONSISTENTES","A) OTHON BLANCO CACERES No.37 ENTRE JULIAN GRANADOS Y ADOLFO CINEROS, EN LA COL. LOPEZ PORTILLO DE LA ZONA 7 CRUZ DEL SUR; B) CARLOS A CARRILLO No.1435 ENTRE GABINO ORTIZ Y JUAN JOSE RIOS, EN LA COL. LOMAS DE POLANCO DE LA ZONA 7 CRUZ DEL SUR; C) CARLOS A",Zona 8: Varias Zonas,4464265.48,obraDetalle.php?id_obra=12R33Z041,Complementos Constructivos y Manejo de Carga Diesel S.A. de C.V.,CCM091125822
OPG-R33-PAV-LP-C02-045/12,En proceso de Firmas,Abril,LICITACION PUBLICA,APORTACION FEDERAL RAMO 33,Pavimentos,"PAVIMENTO CON CONCRETO HIDRAULICO, INCLUYE SUSTITUCION DE RED HIDROSANITARIA, SUSTITUCION DE TOMAS Y DESCARGAS DOMICILIARIAS Y CONSTRUCCION DE BANQUETA","IGUALDAD ENTRE CALZADA INDEPENDENCIA NORTE Y BELISARIO DOMINGUEZ, EN LA COL. LA FEDERACHA DE LA ZONA 3 HUENTITAN",Zona 3: Huentitán,14296764.72,obraDetalle.php?id_obra=12R33Z3045,Constructora y Desarrolladora Barba y Asociados S.A. de C.V.,CDB0506068Z4
OPG-R33-PAV-LP-C02-046/12,En proceso de Firmas,Abril,LICITACION PUBLICA,APORTACION FEDERAL RAMO 33,Pavimentos,"PAVIMENTO CON CONCRETO HIDRAULICO, INCLUYE SUSTITUCION DE RED HIDROSANITARIA, SUSTITUCION DE TOMAS Y DESCARGAS DOMICILIARIAS Y CONSTRUCCION DE BANQUETA","HACIENDA LA VENTA ENTRE ARTESANOS Y HACIENDA DE TALA, EN LA COL. BALCONES DE OBLATOS DE LA ZONA 4 OBLATOS; HACIENDA LA ESTANCIA ENTRE HACIENDA IXCUINTLA Y HACIENDA LA VENTA, EN LA COL. BALCONES DE OBLATOS DE LA ZONA 4 OBLATOS",Zona 4: Oblatos,25217133.3,obraDetalle.php?id_obra=12R33Z4046,"M3 Creación, S. de R.L. de C.V.",MCR061215GZ6
OPG-R33-PAV-CI-C02-048/12,En proceso de Firmas,Abril,"CONCURSO INVITACION                    



Invitaciones",APORTACION FEDERAL RAMO 33,Pavimentos,"PAVIMENTO CON CONCRETO HIDRAULICO, INCLUYE SUSTITUCION DE RED HIDROSANITARIA, SUSTITUCION DE TOMAS Y DESCARGAS DOMICILIARIAS Y CONSTRUCCION DE BANQUETA","DR. ROBERTO WEEK LOPEZ ENTRE JOSE MARIA IGLESIAS Y AV. PRESA DE OSORIO, EN LA COL. LOMAS DEL GALLO DE LA ZONA 6 TETLAN",Zona 6: Tetlán,5047748.04,obraDetalle.php?id_obra=12R33Z6048,Constructora Galafer S.A. de C.V.,CGA091202HS2
OPG-R33-PAV-CI-C02-049/12,En proceso de Firmas,Abril,"CONCURSO INVITACION                    



Invitaciones",APORTACION FEDERAL RAMO 33,Pavimentos,"PAVIMENTO CON CONCRETO HIDRAULICO, INCLUYE SUSTITUCION DE RED HIDROSANITARIA, SUSTITUCION DE TOMAS Y DESCARGAS DOMICILIARIAS Y CONSTRUCCION DE BANQUETA; PAVIMENTO CON CONCRETO ASFALTICO, INCLUYE SUSTITUCION DE DESCARGA Y TOMA DOMICILIARIA","A) HACIENDA ZENZONTLA ENTRE PLUTARCO ELIAS CALLES Y HACIENDA DE CEDROS, EN LA COL. BALCONES DE OBLATOS DE LA ZONA 4 OBLATOS; B) HACIENDA NAVAJAS ENTRE PLUTARCO ELIAS CALLES Y HACIENDA TABLON EN LA COL. BALCONES DE OBLATOS DE LA ZONA 4 OBLATOS",Zona 4: Oblatos,4283400.92,obraDetalle.php?id_obra=12R33Z4049,Consorcio Roja Asesoria y Proyectos S.A. de C.V.,CRA100723PP7
OPG-R33-PAV-CI-C02-050/12,En proceso de Firmas,Abril,"CONCURSO INVITACION                    



Invitaciones",APORTACION FEDERAL RAMO 33,Pavimentos,"PAVIMENTO CON CONCRETO HIDRAULICO, INCLUYE SUSTITUCION DE RED HIDROSANITARIA, SUSTITUCION DE TOMAS Y DESCARGAS DOMICILIARIAS Y CONSTRUCCION DE BANQUETA","VOLCAN SAN FRANCISCO ENTRE CALZADA INDEPENDENCIA NORTE Y CALLE DEL REAL, EN LA COL. HUENTITAN EL BAJO DE LA ZONA 3 HUENTITAN",Zona 3: Huentitán,3016128.62,obraDetalle.php?id_obra=12R33Z3050,"Grupo Constructor Maca, S.A. de C.V.",GCM071204995
OPG-R33-PAV-LP-C02-058/12,En proceso de Firmas,Abril,LICITACION PUBLICA,APORTACION FEDERAL RAMO 33,Pavimentos,"PAVIMENTO CON CONCRETO HIDRAULICO, INCLUYE SUSTITUCION DE RED HIDROSANITARIA, SUSTITUCION DE TOMAS Y DESCARGAS DOMICILIARIAS Y CONSTRUCCION DE BANQUETA","HACIENDA CIENEGA DE MATA ENTRE HACIENDA DE TALA Y HACIENDA LA SAUCEDA, EN LA COL. BALCONES DE OBLATOS 2da. SECCION DE LA ZONA 4 OBLATOS",Zona 4: Oblatos,7674036.19,obraDetalle.php?id_obra=12R33Z4058,Grupo Bufete Arquitectonico S.A. de C.V.,GBA070115FK1
OPG-FONDEREG-PAV-LP-C02-060/12,En proceso de Firmas,Abril,LICITACION PUBLICA,BIPARTITA,Obras Varias Rehabilitación,RENOVACION URBANA DE LA AV.MALECON (PRIMERA ETAPA),"AV. MALECON ENTRE CALLE GIGANTES Y CALLE MANUEL DE GOROSTIZA, EN LA ZONA 6 TETLAN",Zona 8: Varias Zonas,4526322.27,obraDetalle.php?id_obra=12FODEREGZ060,Trama Constructora y Maquinaria S.A. de C.V.,TMC0111148H5
OPG-OD-IHS-AD-C03-061/12,En proceso de Firmas,Abril,ASIGNACION DIRECTA,MUNICIPAL,Desazolves,SANEAMIENTO DE VASO REGULADOR DEL DEAN (DESAZOLVE 2da. ETAPA),"CALZ. LAZARO CARDENAS Y RAMAL DEL FERROCARRIL, EN EL PARQUE LIBERACION DE LA ZONA 7 CRUZ DEL SUR",Zona 7: Cruz del Sur,2393816.02,obraDetalle.php?id_obra=12IHSZ7061,Metropolizadora de Servicios para la Construcción S.A. de C.V.,MSC090401AZ0
OPG-OD-EQP-AD-C03-062/12,En proceso de Firmas,Abril,ASIGNACION DIRECTA,MUNICIPAL,Obras Varias Construcción,OBRAS COMPLEMENTARIAS PARA LA CONSTRUCCION DE MURO DE CONTENCION,"PEDRO TABOADA CASI ESQ. MANUEL IGNACIO SOLIS, EN LA COL. LOMAS DEL PARAISO EN LA ZONA 3 HUENTITAN",Zona 3: Huentitán,1497806.08,obraDetalle.php?id_obra=12EQPZ3062,Ing. Francisco Rocha Tovar,ROTF830509KE3
OPG-OD-PAV-AD-C03-063/12,En proceso de Firmas,Abril,ASIGNACION DIRECTA,MUNICIPAL,Asfaltos,RESTRUCTURACION URBANA DE CALLES CON PAVIMENTO ASFALTICO DE LA ZONA 5 OLIMPICA,VARIOS PUNTOS DE LA ZONA 5 OLIMPICA,Zona 8: Varias Zonas,2500000.0,obraDetalle.php?id_obra=12PAVZ5063,Constructora y Pavimentadora VISE S.A. de C.V.,CPV810615PP5
OPG-R33-ESC-AD-C02-033/12,En proceso de Firmas,Marzo,ASIGNACION DIRECTA,APORTACION FEDERAL RAMO 33,Escuelas,"A) REHABILITACION DE ESCUELA PRIMARIA ""ISABEL FERNANDEZ DE MOLINA"", TRABAJOS CONSISTENTES EN LA CONSTRUCCION DE TOLDO EN PATIO, REHABILITACION DE PISO DE CONCRETO EN PATIO Y CAMBIO DE TEJAS EN CUBIERTA. B) REHABILITACION DE JARDIN DE NIÑOS ""JAIME TORRES B","A) VOLCAN BABUYAN No. 5349 ENTRE VOLCAN PATAMBAN Y VOLCAN TACANA, EN LA COL. HUENTITAN EL BAJO DE LA ZONA 3 HUENTITAN. B) VOLCAN BABUYAN No. 5215 ENTRE VOLCAN SAN FRANCISCO Y VOLCAN BUMBAN, EN LA COL. HUENTITAN EL BAJO DE LA ZONA 3 HUENTITAN. C) VOLCAN VI",Zona 8: Varias Zonas,2244051.98,obraDetalle.php?id_obra=12R33033,Imsic Comercializadora e Importadora S.A. de C.V.,ICI960207EZ6
OPG-R33-ESC-AD-C02-036/12,En proceso de Firmas,Marzo,ASIGNACION DIRECTA,APORTACION FEDERAL RAMO 33,Escuelas,"A) REHABILITACION DE LA ESCUELA PRIMARIA ""BEATRIZ SANABRIA"" No.158, TRABAJOS CONSISTENTES EN LA REHABILITACION DE PISO DE CONCRETO, CONSTRUCCION DE TOLDO, REHABILITACION MENOR DE BAÑOS, REHABILITACION DE  AULAS Y PINTURA EN HERRERIA. B) REHABILITACION DE","A) HACIENDA LOS BELENES No.2000 ENTRE HACIENDA DEL CORTIJO Y GENOVEVO RIVAS GUILLEN, EN LA COL. OBLATOS DE LA ZONA 4 OBLATOS. B) MERCEDES CELIS No.55 ENTRE MARIA REYES Y ANDRES BELLO, EN LA COL. TETLAN DE LA ZONA 6 TETLAN. C) FCO. CARDENAS LARIOS ENTRE MA",Zona 8: Varias Zonas,2477529.39,obraDetalle.php?id_obra=12R33036,"Construcciones Integrales de Occidente, S.A. de C.V.",CIO070404DT8
OPG-R33-ESC-AD-C02-042/12,En proceso de Firmas,Marzo,ASIGNACION DIRECTA,APORTACION FEDERAL RAMO 33,Escuelas,"A) REHABILITACION DE LA ESCUELA SECUNDARIA MIXTA No.62 ""NETZAHUALCOYOTL"", TRABAJOS CONSISTENTES EN LA CONSTRUCCION DE MODULO DE BAÑOS. B) REHABILITACION DE LA ESCUELA PRIMARIA ""SOLEDAD BLANCO RODRIGUEZ"", TRABAJOS CONSISTENTES EN LA CONSTRUCCION DE MODULO","A) FELIPE LOPEZ No.3700 ENTRE FRANCISCO VILLA Y ELISEO GRANJA, EN LA COL. REVOLUCIONARIA DE LA ZONA 7 CRUZ DEL SUR. B) AV. 8 DE JULIO No.3885 ENTRE AVENIDA JESUS REYES HEROLES Y LUIS N. MORONES, EN LA COL. POLANQUITO DE LA ZONA 7 CRUZ DEL SUR. C) OTHON BL",Zona 8: Varias Zonas,2544123.81,obraDetalle.php?id_obra=12R33042,Solorio y Becerra Construcciones S.A. de C.V.,SBC0812095A8
OPG-R33-ESC-AD-C02-043/12,En proceso de Firmas,Marzo,ASIGNACION DIRECTA,APORTACION FEDERAL RAMO 33,Escuelas,"A) REHABILITACION DE LA ESCUELA PRIMARIA ""PORFIRIO RENTERIA FIGUEROA"", TRABAJOS CONSISTENTES EN LA REHABILITACION EN BAÑOS. SUSTITUCION DE TEJA DEL MODULO DE BAÑOS Y COLOCACION  DE CONCERTINA EN AZOTEA. B) REHABILITACION DE LA ESCUELA PRIMARIA ""BENITO JUA","A) RAFAEL NAVARRO CORTINA ENTRE DIEGO MONTENEGRO Y TEODOMIRO MANZANO, EN LA COL. BALCONES DEL 4 DE LA ZONA 7 CRUZ DEL SUR. B) 18 DE AGOSTO No.1931 ENTRE 1° DE OCTUBRE Y JOSE FIGUEROA, EN LA COL. LOS  COLORINES DE LA ZONA 7 CRUZ DEL SUR. C) COATLAN ENTRE C",Zona 8: Varias Zonas,2597044.08,obraDetalle.php?id_obra=12R33043,Proyectos y Construcciones Argu S.A. de C.V.,PYC080108EC8
OPG-R33-PAV-AD-C02-044/12,En proceso de Firmas,Marzo,ASIGNACION DIRECTA,APORTACION FEDERAL RAMO 33,Pavimentos,"PAVIMENTO CON CONCRETO HIDRAULICO, INCLUYE SUSTITUCION DE RED HIDROSANITARIA, SUSTITUCION DE TOMAS Y DESCARGAS DOMICILIARIAS Y CONSTRUCCION DE BANQUETA.","TOMAS DOSAL ENTRE MARIA DEL CARMEN FRIAS Y ANTONIO ALVAREZ VEGA, EN LA COL. LOMAS DEL PARAISO DE LA ZONA 3 HUENTITAN. ANTONIO ALVAREZ VEGA ENTRE  TOMAS DOSAL Y CALLE CERRADA, EN LA COL. LOMAS DEL PARAISO DE LA ZONA 3 HUENTITAN. GUILLERMO CHAVEZ ENTRE TOMA",Zona 3: Huentitán,1445042.75,obraDetalle.php?id_obra=12R33044,"Constructora Fremont, S.A. de C.V.",CFR1005187H9
OPG-R33-PAV-AD-C02-047/12,En proceso de Firmas,Marzo,ASIGNACION DIRECTA,APORTACION FEDERAL RAMO 33,Pavimentos,"ADOQUINAMIENTO, INCLUYE SUSTITUCION DE RED HIDROSANITARIA Y SUSTITUCION DE TOMAS Y DESCARGAS DOMICILIARIAS.","LAURO VILLAR ENTRE ANDRES MARTINEZ Y CALLE CERRADA, EN LA COL. JARDINES DE LA BARRANCA DE LA ZONA 4 OBLATOS. MIGUEL CASTULO ENTRE FELIX ALDAMA Y  CALLE CERRADA, EN LA COL. JARDINES DE LA BARRANCA DE LA ZONA 4 OBLATOS.",Zona 4: Oblatos,970487.13,obraDetalle.php?id_obra=12R33047,Infrapav S.A. de C.V.,INF110131JD7
OPG-R33-EQP-AD-C02-051/12,En proceso de Firmas,Marzo,ASIGNACION DIRECTA,APORTACION FEDERAL RAMO 33,Vivienda,MEJORAMIENTO DE VIVIENDAS Y REHABILITACIÓN DE BANQUETAS EN LA COLONIA LOMA LINDA,"AL NORTE POR JESUS REYES HEROLES Y DIEGO MONTENEGRO, AL SUR POR AV. LA MEZQUITERA AL ESTE POR AGUA DULCE Y AGUA SALADA, AL NORESTE POR AGUA BLANCA Y AL OESTE POR RAFAEL LOZADA Y MANUEL AVELEIRA, EN LA COL. LOMA LINDA DE LA ZONA 7 CRUZ DEL SUR",Zona 7: Cruz del Sur,2500000.0,obraDetalle.php?id_obra=12R33051,Desarrolladora Abra S.A. de C.V.,DAB010213LS8
OPG-OD-CON-AD-C02-052/12,En proceso de Firmas,Marzo,ASIGNACION DIRECTA,MUNICIPAL,Riesgos ( Contingencias ),"A) APUNTALAMIENTO (REFORZADO) DE TRABES EN EVENTO ""MARCHA POR JESUS"" DEL 10 AL 14 DE NOVIEMBRE DE 2011. B) APUNTALAMIENTO (REFORZADO) DE TRABES EN EVENTO ""POR AMOR A JALISCO"" DEL 02 AL 05 DE DICIEMBRE DE 2011. C) APUNTALAMIENTO (REFORZADO) DE TRABES EN EV","EN EL ESTACIONAMIENTO DE LA PLAZA LIBERACIÓN PRIMER CUADRO DEL CENTRO HISTÓRICO DE LA CIUDAD, DE LA ZONA 1 CENTRO. EN LA EXPLANADA DEL HOSPICIO CABAÑAS PRIMER CUADRO DEL CENTRO HISTÓRICO DE LA CIUDAD, DE LA ZONA 1 CENTRO.",Zona 1: Centro,1876944.96,obraDetalle.php?id_obra=12CON052,Constructora TGV S.A. de C.V.,CTG070803966
OPG-OD-IHS-AD-C02-053/12,En proceso de Firmas,Marzo,ASIGNACION DIRECTA,MUNICIPAL,Desazolves,A) SANEAMIENTO DEL CANAL DEL SUR (DESAZOLVE). B) SANEAMIENTO REPRESA VALENTIN GOMEZ FARIAS (DESAZOLVE). C) SANEAMIENTO DEL CANAL PLUVIAL MIRAVALLE (DESAZOLVE),"A) LUIS COVARRUBIAS ENTRE DAVID BERNAGA  A 3 DE MAYO, EN LA COL. BALCONES DEL 4 EN LA ZONA 7 CRUZ DEL SUR. B) AV. JESUS REYES HEROLES Y MARIA C. BANCALARI, EN LA COL. LOMA LINDA DE LA ZONA 7 CRUZ DEL SUR. C) LUIS COVARRUBIAS ENTRE ARTES PLASTICAS Y 3 DE M",Zona 8: Varias Zonas,2598200.0,obraDetalle.php?id_obra=12IHS053,Constructora 5 Minas S.A. de C.V.,CCM0404151UA
OPG-OD-IHS-AD-C02-054/12,En proceso de Firmas,Marzo,ASIGNACION DIRECTA,MUNICIPAL,Desazolves,A) SANEAMIENTO VASO REGULADOR BALCONES DEL 4 (DESAZOLVE). B) SANEAMIENTO VASO REGULADOR 5 DE MAYO (DESAZOLVE). C) SANEAMIENTO DE CANAL PLUVIAL NUEVA ESPAÑA (DESAZOLVE). D) SANEAMIENTO DEL CANAL ACATENGO.,"A) AV. JESUS REYES HEROLES Y RAFAEL MOLINA, EN LA COL. LÁZARO CÁRDENAS DE LA ZONA 7 CRUZ DEL SUR. B) AV. PATRIA Y JOSE MARIA MENDEZ OLIVARES Y DOMINGO LOEZA, EN LA COL. 5 DE MAYO DE LA ZONA 7 CRUZ DEL SUR. C) PROL. AV. COLON ENTRE FRANCISCO OSORNIO Y SECO",Zona 8: Varias Zonas,2494000.0,obraDetalle.php?id_obra=12IHS054,Industria Constructora Vallartense S.A. de C.V.,ICV070601BK2
OPG-OD-IHS-AD-C02-055/12,En proceso de Firmas,Marzo,ASIGNACION DIRECTA,MUNICIPAL,Desazolves,SANEAMIENTO DE VASO REGULADOR DEL DEAN (DESAZOLVE 1ra ETAPA).,"CALZ. LAZARO CARDENAS Y RAMAL DEL FERROCARRIL, EN EL PARQUE LIBERACION DE LA ZONA 7 CRUZ DEL SUR.",Zona 8: Varias Zonas,2597609.46,obraDetalle.php?id_obra=12IHS055,Metropolizadora de Servicios para la Construcción S.A. de C.V.,MSC090401AZ0
OPG-OD-IHS-AD-C02-056/12,En proceso de Firmas,Marzo,ASIGNACION DIRECTA,MUNICIPAL,Infraestructura Hidrosanitaria,CUADRILLA DE EMERGENCIAS HIDRAULICAS PARA LA PREVENCION DEL TEMPORAL DE LLUVIAS,DIFERENTES COLONIAS DEL MUNICIPIO DE GUADALAJARA,Zona 8: Varias Zonas,2599689.0,obraDetalle.php?id_obra=12IHS056,Proyecto Urbanizaciones y Construcciones Luma S.A. de C.V.,PUC020208K87
OPG-OD-EQP-AD-C02-057/12,En proceso de Firmas,Marzo,ASIGNACION DIRECTA,MUNICIPAL,Escuelas,"TRABAJOS ADICIONALES PARA LA REHABILITACION DEL CENTRO ESCOLAR INFANTIL ""LA FEDERACHA"".","DENTRO DEL POLÍGONO DE BELISARIO DOMÍNGUEZ, AV. DE LA CRUZ Y CONCORDIA, EN LA COL. LA FEDERACHA DE LA ZONA 3 HUENTITAN",Zona 3: Huentitán,1466748.46,obraDetalle.php?id_obra=12EQP057,"Grupo Constructor Gunema, S.A. de C.V.",GCG011129LB5
OPG-R33-ESC-AD-C02-059/12,En proceso de Firmas,Marzo,ASIGNACION DIRECTA,APORTACION FEDERAL RAMO 33,Escuelas,"REHABILITACION DEL CENTRO ESCOLAR No.7 DEL DIF, TRABAJOS CONSISTENTES EN LA CONSTRUCCION DE MURO PERIMETRAL CON REJA DE HERRERIA, ENJARRES, IMPERMEABILIZACION, CAMBIO DE HERRERIA, PINTURA GENERAL, CONSTRUCCION DE RAMPA DE ACCESO E INSTALACION DE ALUMBRADO","MOTA PADILLA No.198 ENTRE MEDRANO Y ALDAMA, EN LA COL. LA LOMA DE LA ZONA 5 OLIMPICA.",Zona 5: Olímpica,1019934.0,obraDetalle.php?id_obra=12R33059,Ing. Rosendo Martin Aguilar Gutierrez,AUGR531111LN8
OPG-OD-EQP-AD-C01-001/12,En proceso de Firmas,Febrero,ASIGNACION DIRECTA,MUNICIPAL,Parques,"OBRAS COMPLEMENTARIAS PARA LA CONSTRUCCION DE CANCHA DE USOS MULTIPLES, TRABAJOS CONSISTENTES EN ANDADORES, MOBILIARIO URBANO Y JUEGOS INFANTILES","PREDIO DE LA CALLE JOSE BECERRA ENTRE JOSE ORTIZ VIDALES Y MIRADOR, EN EL FRACC. VILLAS DE LA BARRANCA DE LA ZONA 3 HUENTITAN",Zona 3: Huentitán,71690.71,obraDetalle.php?id_obra=12EQP001,"Terra Civitas, S. de R.L. de C.V.",TCI100324HP0
OPG-OD-EQP-AD-C01-002/12,En proceso de Firmas,Febrero,ASIGNACION DIRECTA,MUNICIPAL,Parques,"CONSTRUCCION DE ESPACIOS RECREATIVOS, TRABAJOS CONSISTENTES EN PISOS DE CONCRETO, PISOS DE CAUCHO, CENEFAS DE PISO PORFIDO, LUMINARIAS, MOBILIARIO URBANO Y JUEGOS INFANTILES","JOSE ORTIZ VIDALES ESQ. JUAQUIN TELLEZ, CED. No. 1723, EN LA COL. VILLAS DE LA BARRANCA DE LA ZONA 3 HUENTITAN",Zona 3: Huentitán,406221.24,obraDetalle.php?id_obra=12EQP002,Velero Pavimentación y Construcción S.A. de C.V.,VPC0012148K0
OPG-OD-EQP-AD-C01-003/12,En proceso de Firmas,Febrero,ASIGNACION DIRECTA,MUNICIPAL,Parques,"SUMINISTRO, ELABORACION Y COLOCACION DE BARANDAL TUBULAR EN ''EL PARQUE MANUEL AVILA CAMACHO''","AV. PATRIA Y AV. MANUEL ÁVILA CAMACHO, EN LA COL. JARDINES DEL COUNTRY EN LA ZONA 2 MINERVA.",Zona 2: Minerva,1177854.61,obraDetalle.php?id_obra=12EQP003,Diseños Arquitectonicos Nova S.A. de C.V.,DAN100621GB5
OPG-OD-EQP-AD-C01-004/12,En proceso de Firmas,Febrero,ASIGNACION DIRECTA,MUNICIPAL,Unidades Deportivas,TRABAJOS COMPLEMENTARIOS PARA LA REHABILITACIÓN DE ALBERCA Y EQUIPAMIENTO EN LA UNIDAD DEPORTIVA No. 8 CUAHUTEMOC,SAN ESTEBAN No. 2095 ENTRE LAS CALLES FRANCISCO GONZÁLEZ BOCANEGRA (C-66) Y FRANCISCO VILLA (C-70) EN LA COL. POPULAR DE LA ZONA 5 OLIMPICA,Zona 5: Olímpica,989793.22,obraDetalle.php?id_obra=12EQP004,Complementos Constructivos y Manejo de Carga Diesel S.A. de C.V.,CCM091125822
OPG-OD-EQP-AD-C01-005/12,En proceso de Firmas,Febrero,ASIGNACION DIRECTA,MUNICIPAL,Banquetas Calzada Independecia,"TRABAJOS COMPLEMENTARIOS PARA LA REHABILITACION DE BANQUETAS EN LA CALZADA INDEPENDENCIA ""BLOQUE L""","CALZADA INDEPENDENCIA ACERA ORIENTE ENTRE CUITLAHUAC Y 5 DE FEBRERO, EN LA ZONA 1 CENTRO",Zona 1: Centro,190882.75,obraDetalle.php?id_obra=12EQP005,Ing. Jorge Saul Muñoz Aceves,MUAJ551230AW4
OPG-OD-EQP-AD-C01-006/12,En proceso de Firmas,Febrero,ASIGNACION DIRECTA,MUNICIPAL,Centros de Desarrollo Comunitario,"TRABAJOS COMPLEMENTARIOS PARA LA CONSTRUCCION DEL CENTRO DE DESARROLLO COMUNITARIO ""BALCONES DE OBLATOS"".","HACIENDA DE CEDROS (FRENTE AL 1515) ENTRE RANCHO GRANDE Y HACIENDA ZENZONTLA, EN LA COL. BALCONES DE OBLATOS DE LA ZONA 4 OBLATOS",Zona 4: Oblatos,1597683.7,obraDetalle.php?id_obra=12EQP006,Madison Constructores S.A. de C.V.,MCO1005204Z5
OPG-OD-EQP-AD-C01-007/12,En proceso de Firmas,Febrero,ASIGNACION DIRECTA,MUNICIPAL,Edificios Municipales,OBRAS COMPLEMENTARIAS PARA LA OBRA DEL SUMINISTRO Y COLOCACION DE ELEVADOR DE USO COMERCIAL PARA 15 PERSONAS EN LA PRESIDENCIA MUNICIPAL,"AV. HIDALGO NO. 400, EN EL CENTRO HISTORICO DE LA ZONA 1 CENTRO",Zona 1: Centro,531190.9,obraDetalle.php?id_obra=12EQPZ1007,Torres Aguirre Ingenieros S.A. de C.V.,TAI920312952
OPG-OD-EQP-AD-C01-008/12,En proceso de Firmas,Febrero,ASIGNACION DIRECTA,MUNICIPAL,Parques,"CONSTRUCCIÓN DE SALÓN NUEVO, ASÍ COMO LA REHABILITACIÓN DE SALONES, COCINA, BODEGA, BAÑOS, ÁREA DE JUEGOS, GRADAS, CANCHA Y JARDINES DE FOMENTO DEPORTIVO. SUMINISTRO Y COLOCACIÓN DE BANCAS, PISO SINTÉTICO Y PASTO EN EL JARDÍN JALISCO.","MONTE ACONCAGUA ENTRE SIERRA NEVADA Y MONTE PARNASO, EN LA COL. INDEPENDENCIA DE LA ZONA 1 CENTRO",Zona 1: Centro,2081934.37,obraDetalle.php?id_obra=12EQP008,Romsa de Occidente S.A. de C.V.,ROC100310IZ5
OPG-OD-IHS-AD-C01-009/12,En proceso de Firmas,Febrero,ASIGNACION DIRECTA,MUNICIPAL,Infraestructura Hidrosanitaria,"OBRAS COMPLEMENTARIAS PARA EL CAMBIO DE VÁLVULAS DE DESFOGUE, OBRA DE LLAMADA PARA AGUA PLUVIAL Y DEMOLICIÓN DE MURO DE MAMPOSTERÍA",MANOLETE Y C. 14 EN EL PARQUE LIBERACIÓN DE LA COL. EL DEÁN EN LA ZONA 7 CRUZ DEL SUR,Zona 7: Cruz del Sur,398710.0,obraDetalle.php?id_obra=12IHS009,Sphaera Construcciones S.A. de C.V.,SCO010221L95
OPG-OD-PAV-AD-C01-010/12,En proceso de Firmas,Febrero,ASIGNACION DIRECTA,MUNICIPAL,Alcantarillado y Pavimentación,"OBRAS COMPLEMENTARIAS PARA LA CONSTRUCCIÓN DE CONDUCCIÓN DE AGUAS PLUVIALES, REGULACIÓN DE GASTO EN LÍNEA DE ALCANTARILLADO SANITARIO Y CONSTRUCCIÓN DE EMPEDRADO ZAMPEADO","CAÑITAS ESQ. FELIPE LOPEZ, EN LA COL. LOMAS DEL PEDREGAL  DE LA ZONA 7 CRUZ DEL SUR",Zona 7: Cruz del Sur,459510.0,obraDetalle.php?id_obra=12PAV010,Keops Ingenieria y Construccion S.A. de C.V.,KIC040617JIA
OPG-OD-EQP-AD-C01-011/12,En proceso de Firmas,Febrero,ASIGNACION DIRECTA,MUNICIPAL,Electrificacion,"OBRAS COMPLEMENTARIAS PARA LA SUB-ESTACIÓN ELÉCTRICA DE 150 KVA EN EL PARQUE LIBERACIÓN ""EL DEÁN"", CONSISTENTE EN SUMINISTRO Y COLOCACIÓN DE ACOMETIDA PRINCIPAL, ELECTRIFICACIÓN, ILUMINACIÓN CON LUMINARIAS DE 1500 WATTS EN ADITIVOS METÁLICOS, INTERRUPTORE","CALZ. LÁZARO CÁRDENAS Y RAMAL DEL FERROCARRIL, EN EL PARQUE LIBERACIÓN DE LA ZONA 7 CRUZ DEL SUR",Zona 7: Cruz del Sur,320500.0,obraDetalle.php?id_obra=12EQP011,"Constructora Lucian de Occidente, S.A.de C.V.",CLO060627J88
OPG-OD-EQP-AD-C01-012/12,En proceso de Firmas,Febrero,ASIGNACION DIRECTA,MUNICIPAL,Parques,"OBRAS COMPLEMENTARIAS PARA LA CONSTRUCCIÓN DE ESPACIOS RECREATIVOS, TRABAJOS CONSISTENTES EN PISOS DE CONCRETO, PISOS DE CAUCHO, CENEFAS DE PISO PÓRFIDO, LUMINARIAS, MOBILIARIO URBANO Y JUEGOS INFANTILES","ISLA MADAGASCAR E ISLA TORTUGA (TERRENO No.24), EN LA COL. RESIDENCIAL LA CRUZ DE LA ZONA 7 CRUZ DEL SUR",Zona 7: Cruz del Sur,85971.34,obraDetalle.php?id_obra=12EQO012,Emtrucsa de México S.A. de C.V.,EME091127T18
OPG-OD-EQP-AD-C01-013/12,En proceso de Firmas,Febrero,ASIGNACION DIRECTA,MUNICIPAL,Obras Varias Rehabilitación,"OBRAS COMPLEMENTARIAS PARA LA REHABILITACIÓN DE UNIDAD DEPORTIVA No.48 ''MANUEL URIARTE TOVAR'', TRABAJOS CONSISTENTES EN LA EXCAVACIÓN, CONFORMACIÓN, NIVELACIÓN Y RELLENO DE CANCHAS","AV. ARTES PLÁSTICAS No.276 ESQ. HERMENEGILDO BUSTOS, EN LA COL. MIRAVALLE DE LA ZONA 7 CRUZ DEL SUR",Zona 7: Cruz del Sur,792510.51,obraDetalle.php?id_obra=12EQP013,Constructora Dominicana de México S.A. de C.V.,CDM091127KM6
OPG-OD-EQP-AD-C01-014/12,En proceso de Firmas,Febrero,ASIGNACION DIRECTA,MUNICIPAL,"Salud ( Centros de, Unidades Medicas )","OBRAS COMPLEMENTARIAS DE LA CRUZ VERDE ""DR. LEONARDO OLIVA"", TRABAJOS CONSISTENTES EN LA REHABILITACIÓN DEL AIRE ACONDICIONADO, ÁREAS DE QUIRÓFANOS, ÁREA DE URGENCIAS Y ÁREA EXTERIOR.
OBRAS COMPLEMENTARIAS DE LA CRUZ VERDE ""DR. RUIZ SÁNCHEZ"", TRABAJOS CO","AV. CRUZ DEL SUR E ISLAS ANTILLAS, EN EL FRACC. JARDINES DE LA CRUZ DE LA ZONA 7 CRUZ DEL SUR.
ANTONIO TELLO ENTRE ALDAMA Y MEDRANO, EN LA COL. MEDRANO DE LA ZONA 5 OLÍMPICA.",Zona 8: Varias Zonas,2057799.64,obraDetalle.php?id_obra=12EQP014,"Grupo Ordiez, S.A. de C.V.",GOR1008163R7
OPG-OD-EQP-AD-C01-015/12,En proceso de Firmas,Febrero,ASIGNACION DIRECTA,MUNICIPAL,Plazas Civicas,REHABILITACIÓN DE CENTRO CULTURAL CÍVICO DEPORTIVO FERROCARRIL,"COMPRENDIDO DENTRO DEL PERÍMETRO DE LA CALLE 10, CALLE 9, CALLE 8 Y CALLE 7, EN LA COL. FERROCARRIL DE LA ZONA 7 CRUZ DEL SUR",Zona 7: Cruz del Sur,985953.86,obraDetalle.php?id_obra=12EQP015,Divicon S.A. de C.V.,DIV010905510
OPG-CZM-PAV-LP-C01-016/12,En proceso de Firmas,Febrero,LICITACION PUBLICA,CONSEJO METROPOLITANO,Pavimentos,"OBRAS DE IMAGEN URBANA, PAVIMENTOS Y BALIZAMIENTO EN LA ZONA ORIENTE, SEGUNDA ETAPA, EN EL MUNICIPIO DE GUADALAJARA SECCIÓN I","NICOLÁS BRAVO ENTRE CALZADA REVOLUCIÓN Y CUITLAHUAC EN LA COL. ANALCO DE LA ZONA 1 CENTRO; CUITLAHUAC ENTRE CALZADA DEL EJERCITO Y ANALCO, EN LA COL. ANALCO DE LA ZONA 1 CENTRO; BARTOLOMÉ DE LAS CASAS ENTRE CALZADA DEL EJERCITO Y CALZADA INDEPENDENCIA, EN",Zona 1: Centro,7867323.99,obraDetalle.php?id_obra=12CZM016,E.S. Grupo Constructor S.A. de C.V.,EGC030102TA7
OPG-CZM-PAV-LP-C01-017/12,En proceso de Firmas,Febrero,LICITACION PUBLICA,CONSEJO METROPOLITANO,Pavimentos,"OBRAS DE IMAGEN URBANA, PAVIMENTOS Y BALIZAMIENTO EN LA ZONA ORIENTE, SEGUNDA ETAPA, EN EL  MUNICIPIO DE GUADALAJARA SECCIÓN II","FRANCISCO DE AYZA ENTRE JARAUTA Y ESTEBAN LOERA, EN LA COL. SAN JUAN DE DIOS DE LAS ZONAS 1 CENTRO Y 5 OLÍMPICA
RIVA PALACIO ENTRE GIGANTES Y GÓMEZ FARÍAS, EN LA COL. GENERAL REAL DE LA ZONA 1 CENTRO
GANTE ENTRE 20 DE NOVIEMBRE Y CALZADA INDEPENDENCIA,",Zona 8: Varias Zonas,5776150.49,obraDetalle.php?id_obra=12CZMZ017,Consorcio Constructor Diestro S.A. de C.V.,CCD980709IIA
OPG-CZM-PAV-LP-C01-018/12,En proceso de Firmas,Febrero,LICITACION PUBLICA,CONSEJO METROPOLITANO,Pavimentos,"OBRAS DE IMAGEN URBANA, PAVIMENTOS Y BALIZAMIENTO EN LA ZONA ORIENTE, SEGUNDA ETAPA, EN EL MUNICIPIO DE GUADALAJARA SECCIÓN III","FRAY ANTONIO MARGIL DE JESÚS ENTRE CALZADA INDEPENDENCIA Y SALVADOR QUEVEDO Y ZUBIETA, EN LA COL. LA PERLA DE LA ZONA 1 CENTRO PABLO GUTIERREZ ENTRE CALZADA INDEPENDENCIA Y JUAN DÍAZ COVARRUBIAS, EN LA COL. LA PERLA DE LA ZONA 1 CENTRO
ROQUE ABARCA ENTRE",Zona 8: Varias Zonas,7340175.71,obraDetalle.php?id_obra=12CZMZ018,Ing. Ricardo Diaz de la Torre,DITR700403MW6
OPG-CZM-PAV-LP-C01-019/12,En proceso de Firmas,Febrero,LICITACION PUBLICA,CONSEJO METROPOLITANO,Pavimentos,"OBRAS DE IMAGEN URBANA, PAVIMENTOS Y BALIZAMIENTO EN LA ZONA ORIENTE, SEGUNDA ETAPA, EN EL MUNICIPIO DE GUADALAJARA SECCIÓN IV","JUAN R. ZAVALA (CALLE 38) ENTRE JAVIER MINA Y PABLO VALDEZ, EN LA ZONA 5 OLÍMPICA
GUADALUPE VICTORIA ENTRE CALZADA DEL EJERCITO Y CALZADA INDEPENDENCIA, EN LA COL. ANALCO DE LA ZONA 1 CENTRO; NICOLAS BRAVO ENTRE CUITLAHUAC Y LOS ANGELES EN LA COL. ANALCO",Zona 8: Varias Zonas,8599271.23,obraDetalle.php?id_obra=12CZMZ019,Grupo Constructor Pavimaq S.A. de C.V.,GCP080129AMA
OPG-CZM-PAV-LP-C01-020/12,En proceso de Firmas,Febrero,LICITACION PUBLICA,CONSEJO METROPOLITANO,Pavimentos,"OBRAS DE IMAGEN URBANA, PAVIMENTOS Y BALIZAMIENTO EN LA ZONA ORIENTE, SEGUNDA ETAPA, EN EL MUNICIPIO DE GUADALAJARA SECCIÓN V","TOLUCA ENTRE SALVADOR QUEVEDO Y ZUBIETA Y ESTEBAN ALATORRE, EN LA COL. LA PERLA DE LA ZONA 1 CENTRO; JOSE LUIS VERDIA ENTRE CALZADA REVOLUCIÓN Y GÓMEZ FARÍAS, EN LA COL. ANALCO DE LA ZONA 1 CENTRO; ALDAMA ENTRE RIVA PALACIO Y CALZADA INDEPENDENCIA, EN LA",Zona 8: Varias Zonas,7592469.0,obraDetalle.php?id_obra=12CZMZ020,Madison Constructores S.A. de C.V.,MCO1005204Z5
OPG-CZM-PAV-LP-C01-021/12,En proceso de Firmas,Febrero,LICITACION PUBLICA,CONSEJO METROPOLITANO,Pavimentos,"OBRAS DE IMAGEN URBANA, PAVIMENTOS Y BALIZAMIENTO EN LA ZONA ORIENTE, SEGUNDA ETAPA, EN EL MUNICIPIO DE GUADALAJARA SECCIÓN VI","MANUEL DOBLADO ENTRE GIGANTES Y SALVADOR QUEVEDO Y ZUBIETA, EN LA COL. LA PERLA DE LA ZONA 1 CENTRO;  FCO. SILVA ROMERO (JAZMÍN) ENTRE LOS ÁNGELES Y JAVIER MINA, EN LA COL. ANALCO DE LA ZONA 1 CENTRO;  IGNACIO MACHAIN (CALLE 60) ENTRE PABLO VALDEZ Y PUERT",Zona 8: Varias Zonas,7525526.07,obraDetalle.php?id_obra=12CZMZ021,"Grupo REAC Arquitectura e Ingenieria, S.A. de .CV.",GRA1111231X6
OPG-CZM-PAV-LP-C01-022/12,En proceso de Firmas,Febrero,LICITACION PUBLICA,CONSEJO METROPOLITANO,Pavimentos,"OBRAS DE IMAGEN URBANA, PAVIMENTOS Y BALIZAMIENTO EN LA ZONA ORIENTE, SEGUNDA ETAPA, EN EL MUNICIPIO DE GUADALAJARA SECCIÓN VII","FEDERACION ENTRE DAMIAN CARMONA (CALLE62) A FRANCISCO GONZALEZ BOCANEGRA (CALLE 66), EN LA COL. LAS HUERTAS DE LA ZONA 5 OLIMPICA.
RIVAS GUILLEN (CALLE 64) ENTRE FEDERACION A ESTEBAN A LA TORRE, EN LA COL. LAS HUERTAS DE LA ZONA 5 OLIMPICA.
SANTA CLEMEN",Zona 8: Varias Zonas,29189037.56,obraDetalle.php?id_obra=12CZMZ022,Constructora Erlort y Asociados S.A. de C.V.,CEA070208SB1
OPG-CZM-PAV-LP-C01-023/12,En proceso de Firmas,Febrero,LICITACION PUBLICA,CONSEJO METROPOLITANO,Pavimentos,"OBRAS DE IMAGEN URBANA, PAVIMENTOS Y BALIZAMIENTO EN LA ZONA ORIENTE, SEGUNDA ETAPA, EN EL MUNICIPIO DE GUADALAJARA SECCIÓN VIII","SAN IDELFONSO ENTRE CALZADA JUAN PABLO II Y RITA PÉREZ DE MORENO (CALLE 50), EN LA COL. SANTA MARIA DE LA ZONA 5 OLÍMPICA; CHIMBORAZO ENTRE CALZADA JUAN PABLO II Y CERRADA AL ORIENTE, EN LA COL. EL MIRADOR DE LA ZONA 5 OLÍMPICA; INDUSTRIA ENTRE ESTEBAN LO",Zona 8: Varias Zonas,30876786.84,obraDetalle.php?id_obra=12CZM023,Roth's Ingenieria y Representaciones S.A. de C.V.,RIR070208NF2
OPG-CZM-PAV-LP-C01-024/12,En proceso de Firmas,Febrero,LICITACION PUBLICA,CONSEJO METROPOLITANO,Pavimentos,"OBRAS DE IMAGEN URBANA, PAVIMENTOS Y BALIZAMIENTO EN LA ZONA ORIENTE, SEGUNDA ETAPA, EN EL MUNICIPIO DE GUADALAJARA SECCIÓN IX","SANTA ROSALÍA ENTRE CALZADA JUAN PABLO II Y RITA PÉREZ DE MORENO (CALLE 50), EN LA COL. SANTA MARIA DE LA ZONA 5 OLÍMPICA; SANTA MARGARITA ENTRE CALZADA JUAN PABLO II Y JUAN R. ZAVALA (CALLE 38), EN LA COL. SANTA MARIA DE LA ZONA 5 OLÍMPICA; DR. LEONARDO",Zona 8: Varias Zonas,23561207.71,obraDetalle.php?id_obra=12CZMZ024,"Constructores en Corporación, S.A. de C.V.",CCO780607JD6
OPG-CZM-PAV-LP-C01-025/12,En proceso de Firmas,Febrero,LICITACION PUBLICA,CONSEJO METROPOLITANO,Pavimentos,"OBRAS DE IMAGEN URBANA, PAVIMENTOS Y BALIZAMIENTO EN LA ZONA ORIENTE, SEGUNDA ETAPA, EN EL MUNICIPIO DE GUADALAJARA SECCIÓN X","ANTONIO BRAVO SANCHEZ ENTRE CALZADA DEL EJERCITO Y BOULEVARD GRAL. MARCELINO GARCIA BARRAGAN, EN LA COL. EL DOLAR  DE LA ZONA 5 OLÍMPICA; FRAY BARTOLOMÉ DE LAS CASAS ENTRE CALZADA DEL EJERCITO Y GANTE, EN; LA COL. PENSIONES FEDERALES DE LA ZONA 5 OLIMPICA",Zona 8: Varias Zonas,8268490.56,obraDetalle.php?id_obra=12CZMZ025,"Murokay Tecnología en Construcción, S.A. de C.V.",MTC0901295Z2
OPG-CZM-PAV-LP-C01-026/12,En proceso de Firmas,Febrero,LICITACION PUBLICA,CONSEJO METROPOLITANO,Pavimentos,"OBRAS DE IMAGEN URBANA, PAVIMENTOS Y BALIZAMIENTO EN LA ZONA ORIENTE, SEGUNDA ETAPA, EN EL MUNICIPIO DE GUADALAJARA SECCIÓN XI","TABACHIN ENTRE CALZ. LÁZARO CÁRDENAS Y PINO, EN LA COL. DEL FRESNO DE LA ZONA 7 CRUZ DEL SUR
CIPRÉS ENTRE ENRIQUE DÍAZ DE LEÓN Y CEREZO, EN LA COL. DEL FRESNO DE LA ZONA 7 CRUZ DEL SUR",Zona 7: Cruz del Sur,7115452.83,obraDetalle.php?id_obra=12CZMZ026,"M3 Creación, S. de R.L. de C.V.",MCR061215GZ6
OPG-CZM-PAV-LP-C01-027/12,En proceso de Firmas,Febrero,LICITACION PUBLICA,CONSEJO METROPOLITANO,Pavimentos,"OBRAS DE IMAGEN URBANA, PAVIMENTOS Y BALIZAMIENTO EN LA ZONA ORIENTE, SEGUNDA ETAPA, EN EL MUNICIPIO DE GUADALAJARA SECCIÓN XII","PIÑA ENTRE CALZ. LÁZARO CÁRDENAS Y PINO, EN LA COL. JARDINES DE LA VICTORIA DE LA ZONA 7 CRUZ DEL SUR
CEREZO ENTRE SABINO Y CHABACANO, EN LA COL. JARDINES DE LA VICTORIA DE LA ZONA 7 CRUZ DEL SUR
EUCALIPTO ENTRE MANDARINA Y PIÑA, EN LA COL. JARDINES DE",Zona 8: Varias Zonas,8942365.16,obraDetalle.php?id_obra=12CZMZ027,E.S. Grupo Constructor S.A. de C.V.,EGC030102TA7
OPG-CZM-PAV-LP-C01-028/12,En proceso de Firmas,Febrero,LICITACION PUBLICA,CONSEJO METROPOLITANO,Pavimentos,"OBRAS DE IMAGEN URBANA, PAVIMENTOS Y BALIZAMIENTO EN LA ZONA ORIENTE, SEGUNDA ETAPA, EN EL MUNICIPIO DE GUADALAJARA SECCIÓN XIII","PINO ENTRE PIÑA Y OLIVO, EN LA COL. JARDINES DE LA VICTORIA Y COL. DEL FRESNO, DE LA ZONA 7 CRUZ DEL SUR; NARANJO ENTRE CIPRES Y PARAISO, EN LA COL. DEL FRESNO DE LA ZONA 7 CRUZ DEL SUR",Zona 8: Varias Zonas,7345707.18,obraDetalle.php?id_obra=12CZMZ028,"Terracerias y Pavimentos G&A;, S.A. de C.V.",TPG090928SB9
OPG-OD-EYP-AD-C01-029/12,En proceso de Firmas,Febrero,ASIGNACION DIRECTA,MUNICIPAL,Estudios y Proyectos ( Proyecto ),PROYECTO EJECUTIVO PARA LA REHABILITACIÓN DEL PARQUE GONZÁLEZ GALLO,"COMPRENDIDO EN EL PERÍMETRO DE DR. R. MICHEL, RIO LOZA, RIO TIZAPAN, CALZ. GONZÁLEZ GALLO Y SALVADOR LOPEZ CHAVEZ, EN LA COL. QUINTA VELARDE DE LA ZONA 5 OLÍMPICA",Zona 5: Olímpica,1356220.93,obraDetalle.php?id_obra=12EQP029,Ime Servicios y Suministros S.A. de C.V.,ISS920330811
OPG-OD-EYP-AD-C01-030/12,En proceso de Firmas,Febrero,ASIGNACION DIRECTA,MUNICIPAL,Estudios y Proyectos ( Proyecto ),PROYECTO EJECUTIVO PARA LA REGENERACIÓN DE IMAGEN URBANA Y EQUIPAMIENTO DEL PARQUE AGUA AZUL - ENTORNO PLAZA JUÁREZ - MUSEO PALEONTOLOGÍA,"COMPRENDIDO EN EL PERÍMETRO DE CALZ. GONZÁLEZ GALLO, CALZ. INDEPENDENCIA, CALZ. DE LAS PALMAS Y DR. R. MICHEL, EN LA COL. LA AURORA DE LA ZONA 1 CENTRO.",Zona 1: Centro,1136800.0,obraDetalle.php?id_obra=12EQP030,S2 Arquitectura S.C.,SDA020715175
OPG-OD-EQP-AD-C01-031/12,En proceso de Firmas,Febrero,ASIGNACION DIRECTA,MUNICIPAL,Mercados,"CONSTRUCCIÓN DE RAMPA PARA DISCAPACITADOS EN EL MERCADO ""SANTOS DEGOLLADO"".
REHABILITACIÓN DE BANQUETAS EN LA SECUNDARIA MIXTA No.11","GUILLERMO VACA (CALLE 36) Y LONGINOS CADENA (CALLE 7), EN LA COL. LOMAS DE POLANCO DE LA ZONA 7 CRUZ DEL SUR.
COMPRENDIDO EN EL PERÍMETRO DE CARLOS A CARRILLO (C-9), JULIÁN GRANADOS, JUAN JOSE RÍOS (C-22) Y GABINO ORTIZ (C-26), EN LA COL. LOMAS DE POLANC",Zona 7: Cruz del Sur,403122.89,obraDetalle.php?id_obra=12EQP031,Carreteras y Puentes del Tule S. de RL de C.V.,CPT100920K84
OPG-OD-EQP-AD-C01-032/12,En proceso de Firmas,Febrero,ASIGNACION DIRECTA,MUNICIPAL,Teatros,"OBRAS COMPLEMENTARIAS  EN LA REMODELACIÓN Y EQUIPAMIENTO DEL FORO MULTIDISCIPLINARIO DEL TEATRO DE LA CIUDAD - LABORATORIO DE ARTES VARIEDADES - LARVA, SUMINISTRO Y COLOCACIÓN DE LOSAS DE CONCRETO PULIDO","AV. JUÁREZ Y OCAMPO EN AL CENTRO HISTÓRICO, EN LA ZONA 1 CENTRO",Zona 1: Centro,597085.74,obraDetalle.php?id_obra=12EQP032,Solorio y Becerra Construcciones S.A. de C.V.,SBC0812095A8
